plane,busy_ns,utilization
0,56000,0.896186
1,6000,0.09602
2,6000,0.09602
3,6000,0.09602
4,6000,0.09602
5,6000,0.09602
6,6000,0.09602
7,6000,0.09602
8,6000,0.09602
9,6000,0.09602
10,6000,0.09602
11,6000,0.09602
12,6000,0.09602
13,6000,0.09602
14,6000,0.09602
15,6000,0.09602
16,2000,0.0320067
17,2000,0.0320067
18,2000,0.0320067
19,2000,0.0320067
20,2000,0.0320067
21,2000,0.0320067
22,2000,0.0320067
23,2000,0.0320067
24,2000,0.0320067
25,2000,0.0320067
26,2000,0.0320067
27,2000,0.0320067
28,2000,0.0320067
29,2000,0.0320067
30,2000,0.0320067
31,2000,0.0320067
32,2000,0.0320067
33,2000,0.0320067
34,2000,0.0320067
35,2000,0.0320067
36,2000,0.0320067
37,2000,0.0320067
38,2000,0.0320067
39,2000,0.0320067
40,2000,0.0320067
41,2000,0.0320067
42,2000,0.0320067
43,2000,0.0320067
44,2000,0.0320067
45,2000,0.0320067
46,2000,0.0320067
47,2000,0.0320067
48,2000,0.0320067
49,2000,0.0320067
50,2000,0.0320067
51,2000,0.0320067
52,2000,0.0320067
53,2000,0.0320067
54,2000,0.0320067
55,2000,0.0320067
56,2000,0.0320067
57,2000,0.0320067
58,2000,0.0320067
59,2000,0.0320067
60,2000,0.0320067
61,2000,0.0320067
62,2000,0.0320067
63,2000,0.0320067
64,2000,0.0320067
65,2000,0.0320067
66,2000,0.0320067
67,2000,0.0320067
68,2000,0.0320067
69,2000,0.0320067
70,2000,0.0320067
71,2000,0.0320067
72,2000,0.0320067
73,2000,0.0320067
74,2000,0.0320067
75,2000,0.0320067
76,2000,0.0320067
77,2000,0.0320067
78,2000,0.0320067
79,2000,0.0320067
80,2000,0.0320067
81,2000,0.0320067
82,2000,0.0320067
83,2000,0.0320067
84,2000,0.0320067
85,2000,0.0320067
86,2000,0.0320067
87,2000,0.0320067
88,2000,0.0320067
89,2000,0.0320067
90,2000,0.0320067
91,2000,0.0320067
92,2000,0.0320067
93,2000,0.0320067
94,2000,0.0320067
95,2000,0.0320067
96,2000,0.0320067
97,2000,0.0320067
98,2000,0.0320067
99,2000,0.0320067
100,2000,0.0320067
101,2000,0.0320067
102,2000,0.0320067
103,2000,0.0320067
104,2000,0.0320067
105,2000,0.0320067
106,2000,0.0320067
107,2000,0.0320067
108,2000,0.0320067
109,2000,0.0320067
110,2000,0.0320067
111,2000,0.0320067
112,2000,0.0320067
113,2000,0.0320067
114,2000,0.0320067
115,2000,0.0320067
116,2000,0.0320067
117,2000,0.0320067
118,2000,0.0320067
119,2000,0.0320067
120,2000,0.0320067
121,2000,0.0320067
122,2000,0.0320067
123,2000,0.0320067
124,2000,0.0320067
125,2000,0.0320067
126,2000,0.0320067
127,2000,0.0320067
128,2000,0.0320067
129,2000,0.0320067
130,2000,0.0320067
131,2000,0.0320067
132,2000,0.0320067
133,2000,0.0320067
134,2000,0.0320067
135,2000,0.0320067
136,2000,0.0320067
137,2000,0.0320067
138,2000,0.0320067
139,2000,0.0320067
140,2000,0.0320067
141,2000,0.0320067
142,2000,0.0320067
143,2000,0.0320067
144,2000,0.0320067
145,2000,0.0320067
146,2000,0.0320067
147,2000,0.0320067
148,2000,0.0320067
149,2000,0.0320067
150,2000,0.0320067
151,2000,0.0320067
152,2000,0.0320067
153,2000,0.0320067
154,2000,0.0320067
155,2000,0.0320067
156,2000,0.0320067
157,2000,0.0320067
158,2000,0.0320067
159,2000,0.0320067
160,2000,0.0320067
161,2000,0.0320067
162,2000,0.0320067
163,2000,0.0320067
164,2000,0.0320067
165,2000,0.0320067
166,2000,0.0320067
167,2000,0.0320067
168,2000,0.0320067
169,2000,0.0320067
170,2000,0.0320067
171,2000,0.0320067
172,2000,0.0320067
173,2000,0.0320067
174,2000,0.0320067
175,2000,0.0320067
176,2000,0.0320067
177,2000,0.0320067
178,2000,0.0320067
179,2000,0.0320067
180,2000,0.0320067
181,2000,0.0320067
182,2000,0.0320067
183,2000,0.0320067
184,2000,0.0320067
185,2000,0.0320067
186,2000,0.0320067
187,2000,0.0320067
188,2000,0.0320067
189,2000,0.0320067
190,2000,0.0320067
191,2000,0.0320067
192,2000,0.0320067
193,2000,0.0320067
194,2000,0.0320067
195,2000,0.0320067
196,2000,0.0320067
197,2000,0.0320067
198,2000,0.0320067
199,2000,0.0320067
200,2000,0.0320067
201,2000,0.0320067
202,2000,0.0320067
203,2000,0.0320067
204,2000,0.0320067
205,2000,0.0320067
206,2000,0.0320067
207,2000,0.0320067
208,2000,0.0320067
209,2000,0.0320067
210,2000,0.0320067
211,2000,0.0320067
212,2000,0.0320067
213,2000,0.0320067
214,2000,0.0320067
215,2000,0.0320067
216,2000,0.0320067
217,2000,0.0320067
218,2000,0.0320067
219,2000,0.0320067
220,2000,0.0320067
221,2000,0.0320067
222,2000,0.0320067
223,2000,0.0320067
224,2000,0.0320067
225,2000,0.0320067
226,2000,0.0320067
227,2000,0.0320067
228,2000,0.0320067
229,2000,0.0320067
230,2000,0.0320067
231,2000,0.0320067
232,2000,0.0320067
233,2000,0.0320067
234,2000,0.0320067
235,2000,0.0320067
236,2000,0.0320067
237,2000,0.0320067
238,2000,0.0320067
239,2000,0.0320067
240,2000,0.0320067
241,2000,0.0320067
242,2000,0.0320067
243,2000,0.0320067
244,2000,0.0320067
245,2000,0.0320067
246,2000,0.0320067
247,2000,0.0320067
248,2000,0.0320067
249,2000,0.0320067
250,2000,0.0320067
251,2000,0.0320067
252,2000,0.0320067
253,2000,0.0320067
254,2000,0.0320067
255,2000,0.0320067
256,2000,0.0320067
257,2000,0.0320067
258,2000,0.0320067
259,2000,0.0320067
260,2000,0.0320067
261,2000,0.0320067
262,2000,0.0320067
263,2000,0.0320067
264,2000,0.0320067
265,2000,0.0320067
266,2000,0.0320067
267,2000,0.0320067
268,2000,0.0320067
269,2000,0.0320067
270,2000,0.0320067
271,2000,0.0320067
272,2000,0.0320067
273,2000,0.0320067
274,2000,0.0320067
275,2000,0.0320067
276,2000,0.0320067
277,2000,0.0320067
278,2000,0.0320067
279,2000,0.0320067
280,2000,0.0320067
281,2000,0.0320067
282,2000,0.0320067
283,2000,0.0320067
284,2000,0.0320067
285,2000,0.0320067
286,2000,0.0320067
287,2000,0.0320067
288,2000,0.0320067
289,2000,0.0320067
290,2000,0.0320067
291,2000,0.0320067
292,2000,0.0320067
293,2000,0.0320067
294,2000,0.0320067
295,2000,0.0320067
296,2000,0.0320067
297,2000,0.0320067
298,2000,0.0320067
299,2000,0.0320067
300,2000,0.0320067
301,2000,0.0320067
302,2000,0.0320067
303,2000,0.0320067
304,2000,0.0320067
305,2000,0.0320067
306,2000,0.0320067
307,2000,0.0320067
308,2000,0.0320067
309,2000,0.0320067
310,2000,0.0320067
311,2000,0.0320067
312,2000,0.0320067
313,2000,0.0320067
314,2000,0.0320067
315,2000,0.0320067
316,2000,0.0320067
317,2000,0.0320067
318,2000,0.0320067
319,2000,0.0320067
320,2000,0.0320067
321,2000,0.0320067
322,2000,0.0320067
323,2000,0.0320067
324,2000,0.0320067
325,2000,0.0320067
326,2000,0.0320067
327,2000,0.0320067
328,2000,0.0320067
329,2000,0.0320067
330,2000,0.0320067
331,2000,0.0320067
332,2000,0.0320067
333,2000,0.0320067
334,2000,0.0320067
335,2000,0.0320067
336,2000,0.0320067
337,2000,0.0320067
338,2000,0.0320067
339,2000,0.0320067
340,2000,0.0320067
341,2000,0.0320067
342,2000,0.0320067
343,2000,0.0320067
344,2000,0.0320067
345,2000,0.0320067
346,2000,0.0320067
347,2000,0.0320067
348,2000,0.0320067
349,2000,0.0320067
350,2000,0.0320067
351,2000,0.0320067
352,2000,0.0320067
353,2000,0.0320067
354,2000,0.0320067
355,2000,0.0320067
356,2000,0.0320067
357,2000,0.0320067
358,2000,0.0320067
359,2000,0.0320067
360,2000,0.0320067
361,2000,0.0320067
362,2000,0.0320067
363,2000,0.0320067
364,2000,0.0320067
365,2000,0.0320067
366,2000,0.0320067
367,2000,0.0320067
368,2000,0.0320067
369,2000,0.0320067
370,2000,0.0320067
371,2000,0.0320067
372,2000,0.0320067
373,2000,0.0320067
374,2000,0.0320067
375,2000,0.0320067
376,2000,0.0320067
377,2000,0.0320067
378,2000,0.0320067
379,2000,0.0320067
380,2000,0.0320067
381,2000,0.0320067
382,2000,0.0320067
383,2000,0.0320067
384,2000,0.0320067
385,2000,0.0320067
386,2000,0.0320067
387,2000,0.0320067
388,2000,0.0320067
389,2000,0.0320067
390,2000,0.0320067
391,2000,0.0320067
392,2000,0.0320067
393,2000,0.0320067
394,2000,0.0320067
395,2000,0.0320067
396,2000,0.0320067
397,2000,0.0320067
398,2000,0.0320067
399,2000,0.0320067
400,2000,0.0320067
401,2000,0.0320067
402,2000,0.0320067
403,2000,0.0320067
404,2000,0.0320067
405,2000,0.0320067
406,2000,0.0320067
407,2000,0.0320067
408,2000,0.0320067
409,2000,0.0320067
410,2000,0.0320067
411,2000,0.0320067
412,2000,0.0320067
413,2000,0.0320067
414,2000,0.0320067
415,2000,0.0320067
416,2000,0.0320067
417,2000,0.0320067
418,2000,0.0320067
419,2000,0.0320067
420,2000,0.0320067
421,2000,0.0320067
422,2000,0.0320067
423,2000,0.0320067
424,2000,0.0320067
425,2000,0.0320067
426,2000,0.0320067
427,2000,0.0320067
428,2000,0.0320067
429,2000,0.0320067
430,2000,0.0320067
431,2000,0.0320067
432,2000,0.0320067
433,2000,0.0320067
434,2000,0.0320067
435,2000,0.0320067
436,2000,0.0320067
437,2000,0.0320067
438,2000,0.0320067
439,2000,0.0320067
440,2000,0.0320067
441,2000,0.0320067
442,2000,0.0320067
443,2000,0.0320067
444,2000,0.0320067
445,2000,0.0320067
446,2000,0.0320067
447,2000,0.0320067
448,2000,0.0320067
449,2000,0.0320067
450,2000,0.0320067
451,2000,0.0320067
452,2000,0.0320067
453,2000,0.0320067
454,2000,0.0320067
455,2000,0.0320067
456,2000,0.0320067
457,2000,0.0320067
458,2000,0.0320067
459,2000,0.0320067
460,2000,0.0320067
461,2000,0.0320067
462,2000,0.0320067
463,2000,0.0320067
464,2000,0.0320067
465,2000,0.0320067
466,2000,0.0320067
467,2000,0.0320067
468,2000,0.0320067
469,2000,0.0320067
470,2000,0.0320067
471,2000,0.0320067
472,2000,0.0320067
473,2000,0.0320067
474,2000,0.0320067
475,2000,0.0320067
476,2000,0.0320067
477,2000,0.0320067
478,2000,0.0320067
479,2000,0.0320067
480,2000,0.0320067
481,2000,0.0320067
482,2000,0.0320067
483,2000,0.0320067
484,2000,0.0320067
485,2000,0.0320067
486,2000,0.0320067
487,2000,0.0320067
488,2000,0.0320067
489,2000,0.0320067
490,2000,0.0320067
491,2000,0.0320067
492,2000,0.0320067
493,2000,0.0320067
494,2000,0.0320067
495,2000,0.0320067
496,2000,0.0320067
497,2000,0.0320067
498,2000,0.0320067
499,2000,0.0320067
500,2000,0.0320067
501,2000,0.0320067
502,2000,0.0320067
503,2000,0.0320067
504,2000,0.0320067
505,2000,0.0320067
506,2000,0.0320067
507,2000,0.0320067
508,2000,0.0320067
509,2000,0.0320067
510,2000,0.0320067
511,2000,0.0320067
